PRAGMA foreign_keys = ON;
BEGIN;

insert into ROOT_TYPE values('H');
insert into ROOT_TYPE values('N');

insert into PRECEDENCES values('L','%left');
insert into PRECEDENCES values('R','%right');
insert into PRECEDENCES values('P','%precedence');
insert into PRECEDENCES values('N','%nonassoc');

insert into LANGUAGES values('HUN', 'Hungarian', '1', 'magyar.fst');
insert into LANGUAGES values('ENG', 'English', '1', 'english.fst');

/*TODO: remove ENG_ prefix later from non-terminals*/
insert into SYMBOLS values('A', 'ENG', 'Adjective');
insert into SYMBOLS values('ADV', 'ENG', 'Adverb');
insert into SYMBOLS values('CON', 'ENG', 'Constant');
insert into SYMBOLS values('DET', 'ENG', 'Determiner');
insert into SYMBOLS values('Indef', 'ENG', 'Indefinite Determiner');
insert into SYMBOLS values('N', 'ENG', 'Noun');
insert into SYMBOLS values('ENG_VP', 'ENG', 'Verb Phrase');
insert into SYMBOLS values('ENG_NP', 'ENG', 'Noun Phrase');
insert into SYMBOLS values('ENG_CNP', 'ENG', 'Common Noun Phrase');
insert into SYMBOLS values('ENG_PP', 'ENG', 'Prepositional Phrase');
insert into SYMBOLS values('Stem', 'ENG', 'Stem');
insert into SYMBOLS values('Pl', 'ENG', 'Plural');
insert into SYMBOLS values('Sg', 'ENG', 'Singular');
insert into SYMBOLS values('PREP', 'ENG', 'Preposition');
insert into SYMBOLS values('QPRO', 'ENG', 'Quantifier Pronoun');
insert into SYMBOLS values('V', 'ENG', 'Verb');
insert into SYMBOLS values('ENG_Vbar1', 'ENG', 'Intermediate Verb Pharse');
insert into SYMBOLS values('ENG_Vbar2', 'ENG', 'Intermediate Verb Pharse');
insert into SYMBOLS values('ENG_Vbar3', 'ENG', 'Intermediate Verb Pharse');
insert into SYMBOLS values('ENG_Vbar4', 'ENG', 'Intermediate Verb Pharse');
insert into SYMBOLS values('RPRO', 'ENG', 'Relative Pronoun');
insert into SYMBOLS values('Relative', 'ENG', 'Relativizer feature');
insert into SYMBOLS values('Aux', 'ENG', 'Auxiliary');
insert into SYMBOLS values('ENG_RC', 'ENG', 'Relative Clause');
insert into SYMBOLS values('ENG_IVP', 'ENG', 'Incomplete Verb Phrase');
insert into SYMBOLS values('ENG_V', 'ENG', 'Verb');
insert into SYMBOLS values('ENG_TP', 'ENG', 'Tense Phrase');
insert into SYMBOLS values('ENG_DP', 'ENG', 'Determiner Phrase');
insert into SYMBOLS values('ENG_RPRO', 'ENG', 'Relative Pronoun');
insert into SYMBOLS values('ENG_NV', 'ENG', 'Negated Verb');
insert into SYMBOLS values('NEG', 'ENG', 'Negation');
insert into SYMBOLS values('RCV', 'ENG', 'Relative Clause Verb');
insert into SYMBOLS values('PAR', 'ENG', 'Tense particle');
insert into SYMBOLS values('fwVowel', 'ENG', 'following word starts with vowel');
insert into SYMBOLS values('fwConsonant', 'ENG', 'following word starts with consonant');
insert into SYMBOLS values('swVowel', 'ENG', 'word starts with vowel');
insert into SYMBOLS values('swConsonant', 'ENG', 'word starts with consonant');
insert into SYMBOLS values('Gerund', 'ENG', 'Gerund');
insert into SYMBOLS values('S','ENG',NULL);
insert into SYMBOLS values('ENG_NEG','ENG',NULL);
insert into SYMBOLS values('ENG_AdvP','ENG',NULL);
insert into SYMBOLS values('ENG_Prep','ENG',NULL);
insert into SYMBOLS values('ENG_AP','ENG',NULL);
insert into SYMBOLS values('ENG_QPro', 'ENG',NULL);
insert into SYMBOLS values('ENG_Adv','ENG',NULL);
insert into SYMBOLS values('ENG_V_Stem','ENG',NULL);
insert into SYMBOLS values('ENG_V_lfea_aux','ENG',NULL);
insert into SYMBOLS values('ENG_V_ger','ENG',NULL);
insert into SYMBOLS values('ENG_V_lfea_ger','ENG',NULL);
insert into SYMBOLS values('ENG_N','ENG',NULL);
insert into SYMBOLS values('ENG_N_Sg','ENG',NULL);
insert into SYMBOLS values('ENG_N_Pl','ENG',NULL);
insert into SYMBOLS values('ENG_Indef_Det_a','ENG',NULL);
insert into SYMBOLS values('ENG_Indef_Det_an','ENG',NULL);
insert into SYMBOLS values('ENG_N_Sg_0Con','ENG',NULL);
insert into SYMBOLS values('ENG_N_Sg_0Con_swC','ENG',NULL);
insert into SYMBOLS values('ENG_N_Sg_0Con_swV','ENG',NULL);
insert into SYMBOLS values('ENG_1Con','ENG',NULL);
insert into SYMBOLS values('ENG_N_Pl_0Con','ENG',NULL);
insert into SYMBOLS values('ENG_N_Pl_0Con_swC','ENG',NULL);
insert into SYMBOLS values('ENG_N_Pl_0Con_swV','ENG',NULL);
insert into SYMBOLS values('ENG_nCon','ENG',NULL);
insert into SYMBOLS values('ENG_Con','ENG',NULL);
insert into SYMBOLS values('ENG_N_Stem','ENG',NULL);
insert into SYMBOLS values('ENG_N_lfea_Sg','ENG',NULL);
insert into SYMBOLS values('ENG_N_lfea_Pl','ENG',NULL);
insert into SYMBOLS values('ENG_A','ENG',NULL);
insert into SYMBOLS values('ENG_RPro','ENG',NULL);
insert into SYMBOLS values('ENG_RPro_stem','ENG',NULL);
insert into SYMBOLS values('ENG_RPro_lfea_relative','ENG',NULL);
insert into SYMBOLS values('ENG_Tense_particle','ENG',NULL);
insert into SYMBOLS values('ENG_Indef_Det','ENG',NULL);
insert into SYMBOLS values('ENG_Det_stem','ENG',NULL);
insert into SYMBOLS values('ENG_lfea_IndefDet','ENG',NULL);
insert into SYMBOLS values('ENG_lfea_fwVowel','ENG',NULL);
insert into SYMBOLS values('ENG_lfea_fwConsonant','ENG',NULL);
insert into SYMBOLS values('ENG_lfea_swVowel','ENG',NULL);
insert into SYMBOLS values('ENG_lfea_swConsonant','ENG',NULL);
insert into SYMBOLS values('t_ENG_V_Stem','ENG',NULL);
insert into SYMBOLS values('t_ENG_V_Aux','ENG',NULL);
insert into SYMBOLS values('t_ENG_V_Gerund','ENG',NULL);
insert into SYMBOLS values('t_ENG_QPRO','ENG',NULL);
insert into SYMBOLS values('t_ENG_N_Stem','ENG',NULL);
insert into SYMBOLS values('t_ENG_N_Sg','ENG',NULL);
insert into SYMBOLS values('t_ENG_N_Pl','ENG',NULL);
insert into SYMBOLS values('t_ENG_A_Stem','ENG',NULL);
insert into SYMBOLS values('t_ENG_PREP','ENG',NULL);
insert into SYMBOLS values('t_ENG_ADV','ENG',NULL);
insert into SYMBOLS values('t_ENG_RPRO','ENG',NULL);
insert into SYMBOLS values('t_ENG_RPRO_Relative','ENG',NULL);
insert into SYMBOLS values('t_ENG_PAR','ENG',NULL);
insert into SYMBOLS values('t_ENG_NEG_Stem','ENG',NULL);
insert into SYMBOLS values('t_ENG_DET','ENG',NULL);
insert into SYMBOLS values('t_ENG_DET_Indef','ENG',NULL);
insert into SYMBOLS values('t_ENG_DET_fwVowel','ENG',NULL);
insert into SYMBOLS values('t_ENG_DET_fwConsonant','ENG',NULL);
insert into SYMBOLS values('t_ENG_N_swVowel','ENG',NULL);
insert into SYMBOLS values('t_ENG_N_swConsonant','ENG',NULL);
insert into SYMBOLS values('t_Con','ENG',NULL);
insert into SYMBOLS values('t_Con','HUN',NULL);
insert into SYMBOLS values('t_HUN_Verb_lfea_ConjDefSg2','HUN',NULL);
insert into SYMBOLS values('t_HUN_Verb_stem','HUN',NULL);
insert into SYMBOLS values('t_HUN_Vbpfx','HUN',NULL);
insert into SYMBOLS values('t_HUN_Con_lfea_Acc','HUN',NULL);

insert into SYMBOLS values('S','HUN',NULL);
insert into SYMBOLS values('HUN_VP','HUN',NULL);
insert into SYMBOLS values('HUN_ImpVerbPfx','HUN',NULL);
insert into SYMBOLS values('HUN_ImpVerb','HUN',NULL);
insert into SYMBOLS values('HUN_Verb_lfea_ConjDefSg2','HUN',NULL);
insert into SYMBOLS values('HUN_Verb_stem','HUN',NULL);
insert into SYMBOLS values('HUN_Vbpfx','HUN',NULL);
insert into SYMBOLS values('HUN_NP','HUN',NULL);
insert into SYMBOLS values('HUN_N','HUN',NULL);
insert into SYMBOLS values('HUN_N_Sg','HUN',NULL);
insert into SYMBOLS values('HUN_1Con','HUN',NULL);
insert into SYMBOLS values('HUN_nCon','HUN',NULL);
insert into SYMBOLS values('HUN_AccCon','HUN',NULL);
insert into SYMBOLS values('HUN_Con','HUN',NULL);
insert into SYMBOLS values('HUN_Con_lfea_Acc','HUN',NULL);

/*Constant has hardcoded token value 1 in the yacc source but to avoid collision, the values here are increased
by 1 during runtime so, the smallest value here must at least be 1*/
/*TODO: Think over if the feature field for all gcats shall at least be 'Stem' or not?
For exmaple, DET is considered as well to have a stem? How is it analysed by Foma?*/
insert into GCAT values('CON', NULL, 'ENG', '0', NULL, NULL);/*Plays role only when checking for terminal symbols*/
insert into GCAT values('A', 'Stem', 'ENG', '1', NULL, NULL);
insert into GCAT values('ADV', NULL, 'ENG', '2', NULL, NULL);
insert into GCAT values('DET', NULL, 'ENG', '3', NULL, NULL);
insert into GCAT values('N', 'Stem', 'ENG', '4', NULL, NULL);
insert into GCAT values('N', 'Pl', 'ENG', '5', NULL, NULL);
insert into GCAT values('N', 'Sg', 'ENG', '6', NULL, NULL);
insert into GCAT values('PREP', NULL, 'ENG', '7', NULL, NULL);
insert into GCAT values('QPRO', NULL, 'ENG', '8', NULL, NULL);
insert into GCAT values('V', 'Stem', 'ENG', '9', NULL, NULL);
insert into GCAT values('V', 'Aux', 'ENG', '10', NULL, NULL);
insert into GCAT values('V', 'RCV', 'ENG', NULL, NULL, NULL);
insert into GCAT values('V', 'Sg', 'ENG', NULL, NULL, NULL);
insert into GCAT values('V', 'Pl', 'ENG', NULL, NULL, NULL);
insert into GCAT values('RPRO', NULL, 'ENG', '11', NULL, NULL);
insert into GCAT values('RPRO', 'Relative', 'ENG', '12', NULL, NULL);
insert into GCAT values('NEG', 'Stem', 'ENG', '13', NULL, NULL);
insert into GCAT values('PAR', NULL, 'ENG', '18', NULL, NULL);
insert into GCAT values('DET', 'Indef', 'ENG', '19', NULL, NULL);
insert into GCAT values('DET', 'fwVowel', 'ENG', '20', NULL, NULL);
insert into GCAT values('DET', 'fwConsonant', 'ENG', '21', NULL, NULL);
insert into GCAT values('N', 'swVowel', 'ENG', '22', NULL, NULL);
insert into GCAT values('N', 'swConsonant', 'ENG', '23', NULL, NULL);
insert into GCAT values('V', 'Gerund', 'ENG', '24', NULL, NULL);

insert into FUNCTOR_DEFS values('LOCATIONENGN_1', 'js', '1', NULL);
insert into FUNCTOR_DEFS values('OFENGPREP_1', 'js', '1', NULL);
insert into FUNCTOR_DEFS values('RESTAURANTENGN_1',	'js', '1', NULL);
insert into FUNCTOR_DEFS values('INENGPREP_1', 'js', '1', NULL);
insert into FUNCTOR_DEFS values('SHOWENGV_1', 'js', '1', NULL);
insert into FUNCTOR_DEFS values('CON_1', 'js', '1', NULL);

insert into FUNCTORS values('CON', '1', 'CON_1');
insert into FUNCTORS values('OFENGPREP', '1', 'OFENGPREP_1');
insert into FUNCTORS values('RESTAURANTENGN', '1', 'RESTAURANTENGN_1');
insert into FUNCTORS values('LOCATIONENGN', '1', 'LOCATIONENGN_1');
insert into FUNCTORS values('INENGPREP', '1', 'INENGPREP_1');
insert into FUNCTORS values('SHOWENGV', '1', 'SHOWENGV_1');

insert into FUNCTOR_TAGS values('SHOWENGV', '1', 'main_verb', '1', 'type', 'action');
insert into FUNCTOR_TAGS values('SHOWENGV', '1', NULL, '2', 'type', 'action');

insert into RULE_TO_RULE_MAP values( 'ENG_Vbar1', 'ENG_V', 'ENG_NP', '1', '2', NULL, 'RCV',  NULL, 'H', NULL, NULL, NULL, NULL, NULL, NULL, NULL, 'ENG');
insert into RULE_TO_RULE_MAP values( 'ENG_Vbar1', 'ENG_V', 'ENG_NP', '2', '3', '4', 'N', NULL, 'N', NULL, NULL, 'CON', NULL, 'N', NULL, NULL, 'ENG');
insert into RULE_TO_RULE_MAP values( 'ENG_Vbar1', 'ENG_V', 'ENG_NP', '3', '4', NULL, 'V', NULL, 'H', NULL, NULL, 'CON', NULL, 'N', NULL, NULL, 'ENG');
insert into RULE_TO_RULE_MAP values( 'ENG_Vbar1', 'ENG_V', 'ENG_NP', '4', NULL, NULL, 'V', NULL, 'H', NULL, NULL, 'N', NULL, 'N', NULL, NULL, 'ENG');
insert into RULE_TO_RULE_MAP values( 'ENG_Vbar2', 'ENG_Vbar1', 'ENG_PP', '1', '2', '3', 'CON', NULL, 'H', NULL, NULL, NULL, NULL, NULL, NULL, NULL, 'ENG');
insert into RULE_TO_RULE_MAP values( 'ENG_Vbar2', 'ENG_Vbar1', 'ENG_PP', '2', NULL, NULL, 'N', NULL, 'H', NULL, NULL, 'PREP', NULL, 'N', NULL, NULL, 'ENG');
insert into RULE_TO_RULE_MAP values( 'ENG_Vbar2', 'ENG_Vbar1', 'ENG_PP', '3', NULL, NULL, 'V', NULL, 'H', NULL, NULL, 'PREP', NULL, 'N', NULL, NULL, 'ENG');
insert into RULE_TO_RULE_MAP values( 'ENG_CNP', 'ENG_A', 'ENG_CNP', '1', NULL, NULL, 'A', NULL, 'H', NULL, NULL, 'N', NULL, 'N', NULL, NULL, 'ENG');
insert into RULE_TO_RULE_MAP values( 'ENG_PP', 'ENG_Prep', 'ENG_NP', '1', '2', '3', 'PREP', NULL, 'H', NULL, NULL, 'N', NULL, 'N', NULL, NULL, 'ENG');
insert into RULE_TO_RULE_MAP values( 'ENG_PP', 'ENG_Prep', 'ENG_NP', '2', NULL, NULL, 'PREP', NULL, 'H', NULL, NULL, 'CON', NULL, 'N', NULL, NULL, 'ENG');
insert into RULE_TO_RULE_MAP values( 'ENG_PP', 'ENG_Prep', 'ENG_NP', '3', '3', NULL, 'N', NULL, 'N', NULL, NULL, 'CON', NULL, 'N', NULL, NULL, 'ENG');
insert into RULE_TO_RULE_MAP values( 'ENG_VP', 'ENG_Vbar2', 'ENG_PP', '1', NULL, NULL, 'N', NULL, 'H', 'ENG_Vbar1', NULL, 'PREP', NULL, 'N', NULL, NULL, 'ENG');
insert into RULE_TO_RULE_MAP values( 'ENG_VP', 'ENG_Vbar1', 'ENG_RC', '1', NULL, '2', 'N', NULL, 'H', NULL, NULL, 'RPRO', NULL, 'N', NULL, NULL, 'ENG');
insert into RULE_TO_RULE_MAP values( 'ENG_VP', 'ENG_Vbar1', 'ENG_RC', '2', NULL, '3', 'RCV', NULL, 'N', NULL, NULL, NULL, NULL, NULL, NULL, NULL, 'ENG');
insert into RULE_TO_RULE_MAP values( 'ENG_VP', 'ENG_Vbar1', 'ENG_RC', '3', NULL, NULL, 'RPRO', NULL, 'N', NULL, NULL, 'V', NULL, 'N', NULL, NULL, 'ENG');
insert into RULE_TO_RULE_MAP values( 'ENG_VP', 'ENG_Vbar2', 'ENG_RC', '1', NULL, '2', 'N', NULL, 'H', 'ENG_Vbar1', NULL, 'RPRO', NULL, 'N', NULL, NULL, 'ENG');
insert into RULE_TO_RULE_MAP values( 'ENG_VP', 'ENG_Vbar2', 'ENG_RC', '2', NULL, '3', 'RCV', NULL, 'N', NULL, NULL, NULL, NULL, NULL, NULL, NULL, 'ENG');
insert into RULE_TO_RULE_MAP values( 'ENG_VP', 'ENG_Vbar2', 'ENG_RC', '3', NULL, NULL, 'RPRO', NULL, 'N', NULL, NULL, 'V', NULL, 'N', NULL, NULL, 'ENG');
insert into RULE_TO_RULE_MAP values( 'ENG_IVP', 'ENG_V', 'ENG_PP', '1', NULL, NULL, 'V', NULL, 'H', NULL, NULL, 'PREP', NULL, 'N', NULL, NULL, 'ENG');
insert into RULE_TO_RULE_MAP values( 'ENG_IVP', 'ENG_NV', 'ENG_PP', '1', NULL, '2', 'V', NULL, 'H', NULL, NULL, 'NEG', NULL, 'H', NULL, NULL, 'ENG');
insert into RULE_TO_RULE_MAP values( 'ENG_IVP', 'ENG_NV', 'ENG_PP', '2', NULL, NULL, 'V', NULL, 'H', NULL, NULL, 'PREP', NULL, 'N', NULL, NULL, 'ENG');

insert into LEXICON values('location', 'ENG', 'N', 'LOCATIONENGN');
insert into LEXICON values('of', 'ENG', 'PREP', 'OFENGPREP');
insert into LEXICON values('show', 'ENG', 'V', 'SHOWENGV');
insert into LEXICON values('restaurant', 'ENG', 'N', 'RESTAURANTENGN');
insert into LEXICON values('in', 'ENG', 'PREP', 'INENGPREP');

insert into DEPOLEX values('CON', '1', '1', NULL, NULL, NULL, NULL, NULL, NULL);
insert into DEPOLEX values('LOCATIONENGN', '1', '1', '1', '2', '2', '0', 'OFENGPREP', '1');
insert into DEPOLEX values('LOCATIONENGN', '1', '2', '1', '2', NULL, '0', 'INENGPREP', '1');
insert into DEPOLEX values('OFENGPREP', '1', '1', '1', '2', NULL, '0', 'CON', '1');
insert into DEPOLEX values('OFENGPREP', '1', '2', '1', NULL, NULL, '0', 'RESTAURANTENGN', '1');
insert into DEPOLEX values('RESTAURANTENGN', '1', '1', '1', '2', NULL, '0', 'CON', '1');
insert into DEPOLEX values('RESTAURANTENGN', '1', '2', '1', '2', NULL, '0', 'INENGPREP', '1');
insert into DEPOLEX values('SHOWENGV', '1', '1', NULL, '1', NULL, '0', 'LOCATIONENGN', '1');
insert into DEPOLEX values('INENGPREP', '1', '1', '1', NULL, NULL, '0', 'CON', '1');

insert into GRAMMAR values('ENG','S','ENG_VP',NULL,NULL,NULL);
insert into GRAMMAR values('HUN','S','HUN_VP',NULL,NULL,NULL);
insert into GRAMMAR values('ENG','ENG_VP','ENG_Vbar1',NULL,NULL,NULL);
insert into GRAMMAR values('ENG','ENG_VP','ENG_Vbar1','ENG_AdvP',NULL,NULL);
insert into GRAMMAR values('ENG','ENG_VP','ENG_Vbar2',NULL,NULL,NULL);
insert into GRAMMAR values('ENG','ENG_VP','ENG_Vbar2','ENG_PP',NULL,NULL);
insert into GRAMMAR values('ENG','ENG_VP','ENG_Vbar3','ENG_NP',NULL,NULL);
insert into GRAMMAR values('ENG','ENG_VP','ENG_Vbar1','ENG_RC',NULL,NULL);
insert into GRAMMAR values('ENG','ENG_VP','ENG_Vbar2','ENG_RC',NULL,NULL);
insert into GRAMMAR values('ENG','ENG_VP','ENG_Vbar4','ENG_DP',NULL,NULL);
insert into GRAMMAR values('ENG','ENG_IVP','ENG_V','ENG_PP',NULL,
'"const node_info& ENG_V=sparser->get_node_info($1);
const node_info& ENG_PP=sparser->get_node_info($2);
sparser->add_feature_to_leaf(ENG_V,"RCV");
std::cout<<"ENG_IVP->ENG_V ENG_PP"<<std::endl;
$$=sparser->combine_nodes("ENG_IVP",ENG_V,ENG_PP);"');
insert into GRAMMAR values('ENG','ENG_IVP','ENG_NV','ENG_PP',NULL,
'"const node_info& ENG_NV=sparser->get_node_info($1);
const node_info& ENG_PP=sparser->get_node_info($2);
sparser->add_feature_to_leaf(ENG_NV,"V","RCV");
std::cout<<"ENG_IVP->ENG_NV ENG_PP"<<std::endl;
$$=sparser->combine_nodes("ENG_IVP",ENG_NV,ENG_PP);"');
insert into GRAMMAR values('ENG','ENG_NV','ENG_V','ENG_NEG',NULL,NULL);
insert into GRAMMAR values('ENG','ENG_Vbar3','ENG_V','ENG_AdvP',NULL,NULL);
insert into GRAMMAR values('ENG','ENG_Vbar2','ENG_Vbar1','ENG_PP',NULL,NULL);
insert into GRAMMAR values('ENG','ENG_Vbar2','ENG_Vbar1','ENG_NP',NULL,NULL);
insert into GRAMMAR values('ENG','ENG_Vbar1','ENG_V','ENG_NP',NULL,
'"const node_info& ENG_V=sparser->get_node_info($1);
const node_info& ENG_NP=sparser->get_node_info($2);
sparser->add_feature_to_leaf(ENG_V,"main_verb");
std::cout<<"ENG_Vbar1->ENG_V ENG_NP"<<std::endl;
$$=sparser->combine_nodes("ENG_Vbar1",ENG_V,ENG_NP);"');
insert into GRAMMAR values('ENG','ENG_Vbar4','ENG_DP','ENG_V',NULL,
'"const node_info& ENG_DP=sparser->get_node_info($1);
const node_info& ENG_V=sparser->get_node_info($2);
sparser->add_feature_to_leaf(ENG_V,"main_verb");
std::cout<<"ENG_Vbar4->ENG_DP ENG_V"<<std::endl;
$$=sparser->combine_nodes("ENG_Vbar4",ENG_V,ENG_DP);"');
insert into GRAMMAR values('ENG','ENG_Vbar4','ENG_TP','ENG_V',NULL,
'"const node_info& ENG_TP=sparser->get_node_info($1);
const node_info& ENG_V=sparser->get_node_info($2);
sparser->add_feature_to_leaf(ENG_V,"main_verb");
std::cout<<"ENG_Vbar4->ENG_TP ENG_V"<<std::endl;
$$=sparser->combine_nodes("ENG_Vbar4",ENG_V,ENG_TP);"');
insert into GRAMMAR values('ENG','ENG_PP','ENG_Prep','ENG_NP',NULL,NULL);
insert into GRAMMAR values('ENG','ENG_NP','ENG_CNP',NULL,NULL,NULL);
insert into GRAMMAR values('ENG','ENG_NP','ENG_AP',NULL,NULL,NULL);
insert into GRAMMAR values('ENG','ENG_NP','ENG_QPro','ENG_CNP',NULL,NULL);
insert into GRAMMAR values('ENG','ENG_CNP','ENG_A','ENG_CNP',NULL,NULL);
insert into GRAMMAR values('ENG','ENG_CNP','ENG_N',NULL,NULL,NULL);
insert into GRAMMAR values('ENG','ENG_AdvP','ENG_Adv',NULL,NULL,NULL);
insert into GRAMMAR values('ENG','ENG_V','ENG_V_Stem',NULL,NULL,NULL);
insert into GRAMMAR values('ENG','ENG_V','ENG_V_Stem','ENG_V_lfea_aux',NULL,NULL);
insert into GRAMMAR values('ENG','ENG_V_ger','ENG_V_Stem','ENG_V_lfea_ger',NULL,NULL);
insert into GRAMMAR values('ENG','ENG_V_Stem','t_ENG_V_Stem',NULL,NULL,NULL);
insert into GRAMMAR values('ENG','ENG_V_lfea_aux','t_ENG_V_Aux',NULL,NULL,NULL);
insert into GRAMMAR values('ENG','ENG_V_lfea_ger','t_ENG_V_Gerund',NULL,NULL,NULL);
insert into GRAMMAR values('ENG','ENG_QPro','t_ENG_QPRO',NULL,NULL,NULL);
insert into GRAMMAR values('ENG','ENG_N','ENG_N_Sg',NULL,NULL,NULL);
insert into GRAMMAR values('ENG','ENG_N','ENG_N_Pl',NULL,NULL,NULL);
insert into GRAMMAR values('ENG','ENG_DP','ENG_Indef_Det_a','ENG_N_Sg_0Con_swC',NULL,NULL);
insert into GRAMMAR values('ENG','ENG_DP','ENG_Indef_Det_an','ENG_N_Sg_0Con_swV',NULL,NULL);
insert into GRAMMAR values('ENG','ENG_N_Sg_0Con','ENG_N_Stem','ENG_N_lfea_Sg',NULL,NULL);
insert into GRAMMAR values('ENG','ENG_N_Sg_0Con_swC','ENG_N_Sg_0Con','ENG_lfea_swConsonant',NULL,NULL);
insert into GRAMMAR values('ENG','ENG_N_Sg_0Con_swV','ENG_N_Sg_0Con','ENG_lfea_swVowel',NULL,NULL);
insert into GRAMMAR values('ENG','ENG_N_Sg','ENG_N_Sg_0Con_swC','ENG_1Con',NULL,NULL);
insert into GRAMMAR values('ENG','ENG_N_Sg','ENG_N_Sg_0Con_swV','ENG_1Con',NULL,NULL);
insert into GRAMMAR values('ENG','ENG_N_Sg','ENG_1Con',NULL,NULL,NULL);
insert into GRAMMAR values('ENG','ENG_N_Sg','ENG_N_Sg_0Con_swC',NULL,NULL,NULL);
insert into GRAMMAR values('ENG','ENG_N_Sg','ENG_N_Sg_0Con_swV',NULL,NULL,NULL);
insert into GRAMMAR values('ENG','ENG_N_Pl_0Con','ENG_N_Stem','ENG_N_lfea_Pl',NULL,NULL);
insert into GRAMMAR values('ENG','ENG_N_Pl_0Con_swC','ENG_N_Pl_0Con','ENG_lfea_swConsonant',NULL,NULL);
insert into GRAMMAR values('ENG','ENG_N_Pl_0Con_swV','ENG_N_Pl_0Con','ENG_lfea_swVowel',NULL,NULL);
insert into GRAMMAR values('ENG','ENG_1Con','ENG_Con',NULL,NULL,NULL);
insert into GRAMMAR values('ENG','ENG_nCon','ENG_1Con','ENG_Con',NULL,NULL);
insert into GRAMMAR values('ENG','ENG_nCon','ENG_nCon','ENG_Con',NULL,NULL);
insert into GRAMMAR values('ENG','ENG_N_Pl','ENG_N_Pl_0Con_swC',NULL,NULL,NULL);
insert into GRAMMAR values('ENG','ENG_N_Pl','ENG_N_Pl_0Con_swV',NULL,NULL,NULL);
insert into GRAMMAR values('ENG','ENG_N_Pl','ENG_N_Pl_0Con_swC','ENG_nCon',NULL,NULL);
insert into GRAMMAR values('ENG','ENG_N_Pl','ENG_N_Pl_0Con_swV','ENG_nCon',NULL,NULL);
insert into GRAMMAR values('ENG','ENG_N_Pl','ENG_nCon',NULL,NULL,NULL);
insert into GRAMMAR values('ENG','ENG_N_Pl','ENG_N_Sg','ENG_nCon',NULL,
'"//Exploit read ahead triggered by the shift/reduce conflict due to this very rule and return error to make sure
//that a singular noun cannot combine with more than one constant like in ''list file abc def''
//TODO: Any better solution???
return -1;"');
insert into GRAMMAR values('ENG','ENG_N_Stem','t_ENG_N_Stem',NULL,NULL,NULL);
insert into GRAMMAR values('ENG','ENG_N_lfea_Sg','t_ENG_N_Sg',NULL,NULL,NULL);
insert into GRAMMAR values('ENG','ENG_N_lfea_Pl','t_ENG_N_Pl',NULL,NULL,NULL);
insert into GRAMMAR values('ENG','ENG_A','t_ENG_A_Stem',NULL,NULL,NULL);
insert into GRAMMAR values('ENG','ENG_AP','ENG_1Con','ENG_N_Pl_0Con_swC',NULL,NULL);
insert into GRAMMAR values('ENG','ENG_AP','ENG_1Con','ENG_N_Pl_0Con_swV',NULL,NULL);
insert into GRAMMAR values('ENG','ENG_Prep','t_ENG_PREP',NULL,NULL,NULL);
insert into GRAMMAR values('ENG','ENG_Con','t_Con',NULL,NULL,
'"lexicon word;
word=lex->last_word_scanned(t_Con);
std::cout<<"Constant:"<<word.word<<std::endl;
$$=sparser->set_node_info("ENG_Con",word);"');
insert into GRAMMAR values('ENG','ENG_Adv','t_ENG_ADV',NULL,NULL,NULL);
insert into GRAMMAR values('ENG','ENG_RPro','ENG_RPro_stem','ENG_RPro_lfea_relative',NULL,NULL);
insert into GRAMMAR values('ENG','ENG_RPro_stem','t_ENG_RPRO',NULL,NULL,NULL);
insert into GRAMMAR values('ENG','ENG_RPro_lfea_relative','t_ENG_RPRO_Relative',NULL,NULL,NULL);
insert into GRAMMAR values('ENG','ENG_Tense_particle','t_ENG_PAR',NULL,NULL,NULL);
insert into GRAMMAR values('ENG','ENG_TP','ENG_Tense_particle','ENG_V_Stem',NULL,NULL);
insert into GRAMMAR values('ENG','ENG_TP','ENG_V_ger',NULL,NULL,NULL);
insert into GRAMMAR values('ENG','ENG_RC','ENG_RPro','ENG_IVP',NULL,NULL);
insert into GRAMMAR values('ENG','ENG_NEG','t_ENG_NEG_Stem',NULL,NULL,NULL);
insert into GRAMMAR values('ENG','ENG_Indef_Det_an','ENG_Indef_Det','ENG_lfea_fwVowel',NULL,NULL);
insert into GRAMMAR values('ENG','ENG_Indef_Det_a','ENG_Indef_Det','ENG_lfea_fwConsonant',NULL,NULL);
insert into GRAMMAR values('ENG','ENG_Indef_Det','ENG_Det_stem','ENG_lfea_IndefDet',NULL,NULL);
insert into GRAMMAR values('ENG','ENG_Det_stem','t_ENG_DET',NULL,NULL,NULL);
insert into GRAMMAR values('ENG','ENG_lfea_IndefDet','t_ENG_DET_Indef',NULL,NULL,NULL);
insert into GRAMMAR values('ENG','ENG_lfea_fwVowel','t_ENG_DET_fwVowel',NULL,NULL,NULL);
insert into GRAMMAR values('ENG','ENG_lfea_fwConsonant','t_ENG_DET_fwConsonant',NULL,NULL,NULL);
insert into GRAMMAR values('ENG','ENG_lfea_swVowel','t_ENG_N_swVowel',NULL,NULL,NULL);
insert into GRAMMAR values('ENG','ENG_lfea_swConsonant','t_ENG_N_swConsonant',NULL,NULL,NULL);
insert into GRAMMAR values('HUN','HUN_VP','HUN_ImpVerbPfx','HUN_NP',NULL,NULL);
insert into GRAMMAR values('HUN','HUN_ImpVerbPfx','HUN_ImpVerb','HUN_Vbpfx',NULL,NULL);
insert into GRAMMAR values('HUN','HUN_ImpVerb','HUN_Verb_stem','HUN_Verb_lfea_ConjDefSg2',NULL,
'"const node_info& HUN_Verb_stem=sparser->get_node_info($1);
const node_info& HUN_Verb_lfea_ConjDefSg2=sparser->get_node_info($2);
sparser->add_feature_to_leaf(HUN_Verb_stem,"main_verb");
std::cout<<"HUN_ImpVerb->HUN_Verb_stem HUN_Verb_lfea_ConjDefSg2"<<std::endl;
$$=sparser->combine_nodes("HUN_ImpVerb",HUN_Verb_stem,HUN_Verb_lfea_ConjDefSg2);"');
insert into GRAMMAR values('HUN','HUN_Verb_lfea_ConjDefSg2','t_HUN_Verb_lfea_ConjDefSg2',NULL,NULL,NULL);
insert into GRAMMAR values('HUN','HUN_Verb_stem','t_HUN_Verb_stem',NULL,NULL,NULL);
insert into GRAMMAR values('HUN','HUN_Vbpfx','t_HUN_Vbpfx',NULL,NULL,NULL);
insert into GRAMMAR values('HUN','HUN_NP','HUN_N',NULL,NULL,NULL);
insert into GRAMMAR values('HUN','HUN_N','HUN_N_Sg',NULL,NULL,NULL);
insert into GRAMMAR values('HUN','HUN_N_Sg','HUN_AccCon',NULL,NULL,NULL);
insert into GRAMMAR values('HUN','HUN_1Con','HUN_Con',NULL,NULL,NULL);
insert into GRAMMAR values('HUN','HUN_nCon','HUN_1Con','HUN_Con',NULL,NULL);
insert into GRAMMAR values('HUN','HUN_nCon','HUN_nCon','HUN_Con',NULL,NULL);
insert into GRAMMAR values('HUN','HUN_nCon','HUN_AccCon','HUN_Con',NULL,NULL);
insert into GRAMMAR values('HUN','HUN_AccCon','HUN_1Con','HUN_Con_lfea_Acc',NULL,NULL);
insert into GRAMMAR values('HUN','HUN_AccCon','HUN_nCon','HUN_Con_lfea_Acc',NULL,NULL);
insert into GRAMMAR values('HUN','HUN_Con','t_Con',NULL,NULL,
'"lexicon word;
word=lex->last_word_scanned(t_Con);
std::cout<<"Konstans:"<<word.word<<std::endl;
$$=sparser->set_node_info("HUN_Con",word);"');
insert into GRAMMAR values('HUN','HUN_Con_lfea_Acc','t_HUN_Con_lfea_Acc',NULL,NULL,NULL);

COMMIT;
